4,1394224226000,42,2,0,2
2,1344023640000,19,16,0,1
2,1320430500000,35,5,2,5
3,1371839640000,2,39,4,0
4,1383944008000,12,27,1,0
4,1400871163000,26,33,1,2
4,1393614824000,42,2,2,2
1,1296924120000,17,26,2,4
4,1393622956000,42,2,1,1
5,1413570492000,17,24,0,1
1,1287161580000,42,2,1,3
2,1341600360000,28,32,2,1
3,1376081100000,42,2,1,2
6,1448655354000,28,34,2,2
6,1443811357000,38,28,1,2
3,1379712600000,38,2,0,3
3,1366407720000,38,7,1,2
4,1381528490000,35,5,3,0
5,1415389599000,15,20,2,1
1,1308947880000,10,25,1,4
3,1348863120000,42,2,2,3
4,1408132386000,26,36,1,0
1,1307737140000,42,2,2,2
4,1388788412000,26,14,2,0
3,1376158320000,15,28,3,2
1,1298665560000,41,1,3,0
3,1366403640000,26,14,2,1
2,1320433200000,35,5,2,3
3,1362174240000,40,26,0,2
1,1286115720000,42,2,1,1
3,1374259920000,38,28,2,3
1,1426277136000,2,35,3,4
4,1399666923000,28,13,2,0
3,1372526100000,42,2,0,0
1,1299326940000,41,1,1,0
1,1286728560000,42,2,3,1
2,1345403400000,40,26,0,3
5,1426281561000,8,27,2,1
3,1367008260000,40,6,2,3
5,1425671612000,40,10,1,2
1,1299415260000,43,1,0,1
5,1414183271000,23,16,1,3
2,1324663200000,19,38,4,0
1,1296337980000,1,42,1,1
3,1367260440000,38,7,0,1
5,1414781630000,42,2,3,2
4,1388172747000,32,7,0,4
1,1302292320000,42,2,0,2
1,1298809380000,42,2,0,0
1,1294524060000,42,2,0,2
1,1294427700000,42,12,1,1
4,1383945432000,28,13,1,2
4,1399669274000,26,14,3,1
3,1376763240000,2,42,0,2
5,1413571730000,23,16,0,2
1,1298132340000,38,2,0,4
4,1417815098000,42,2,1,1
4,1383340477000,26,17,0,1
4,1383333384000,26,17,0,1
1,1297879860000,41,37,4,1
5,1426282692000,34,7,1,1
2,1334943060000,43,1,3,3
4,1391808688000,15,22,2,4
1,1305489360000,42,2,2,1
1,1294521360000,42,2,2,2
5,1413569204000,42,2,0,0
5,1417812350000,42,2,2,0
1,1288984800000,42,2,1,2
3,1372530540000,42,2,2,2
2,1316806200000,42,2,0,1
1,1307728980000,41,1,1,1
1,1296916380000,36,15,2,2
1,1307550120000,41,1,1,2
3,1372450020000,17,26,3,1
2,1324668600000,26,40,1,1
3,1358696040000,17,26,1,2
4,1394228851000,42,2,1,2
1,1306581660000,41,1,1,2
4,1393017720000,42,2,4,1
1,1301077020000,41,1,0,1
2,1334943240000,41,1,1,1
2,1316201400000,42,2,4,1
1,1307726040000,41,1,3,0
2,1327082400000,41,43,3,0
1,1301133900000,15,23,0,1
3,1379709900000,38,2,0,1
1,1289575080000,28,12,1,0
1,1311969840000,17,26,2,0
2,1341000120000,26,11,4,0
2,1317407400000,42,23,3,0
4,1400870233000,34,25,3,0
6,1448052057000,8,26,2,2
2,1333737360000,28,13,2,1
5,1418409015000,42,2,1,1
2,1336243440000,42,2,1,0
1,1311362220000,34,17,1,1
3,1371933300000,28,34,6,2
1,1293822600000,42,2,0,1
3,1367005260000,15,25,4,4
2,1336844160000,41,43,3,1
2,1334948100000,6,33,4,0
2,1345837500000,19,16,1,2
1,1298135880000,15,23,4,1
5,1414185220000,38,7,1,1
4,1411156494000,42,23,3,1
1,1306582080000,42,1,3,1
1,1305483480000,42,2,0,0
1,1307208600000,42,2,1,0
4,1394825175000,41,17,0,0
5,1423256837000,34,28,2,0
1,1312575540000,42,2,2,0
3,1363989480000,2,42,2,1
1,1295045100000,12,26,0,2
6,1457727464000,34,40,8,0
3,1374261060000,42,23,3,1
2,1318612500000,42,2,1,0
2,1347648300000,28,15,0,2
3,1368813300000,41,37,5,2
1,1297465320000,23,15,0,1
6,1448048726000,36,15,2,3
2,1335786540000,41,43,3,3
1,1294443000000,15,23,1,2
3,1366393560000,41,43,5,1
4,1395524392000,42,2,1,0
3,1359741840000,42,2,0,2
1,1301682360000,42,1,0,1
1,1313169240000,26,36,1,0
2,1345234260000,28,13,1,3
4,1396035126000,15,19,1,0
1,1304099460000,15,19,2,1
2,1323458100000,42,2,0,3
4,1388783237000,2,39,0,0
6,1446240808000,42,12,2,0
5,1415393910000,2,32,4,0
2,1321034400000,41,43,4,1
4,1389386561000,15,22,2,0
4,1388779108000,17,24,0,0
1,1301691180000,41,1,1,0
1,1315599000000,42,2,2,0
4,1382119314000,42,2,0,2
2,1319218200000,15,28,4,0
3,1359747360000,28,13,4,0
4,1392413751000,42,2,0,1
4,1389387544000,36,6,0,1
3,1360360380000,42,30,3,0
1,1301075340000,41,1,0,1
1,1291404720000,42,2,2,4
3,1368819540000,26,40,3,0
4,1388786355000,28,13,0,0
1,1304704200000,1,42,1,2
1,1286118120000,42,2,0,4
6,1446847766000,34,28,2,1
2,1316802600000,42,2,1,3
4,1397852278000,13,22,2,3
1,1292178180000,41,43,0,1
3,1362773820000,26,14,4,1
3,1356729780000,12,27,0,3
1,1304702100000,15,43,0,1
3,1367352480000,28,15,0,1
1,1288348560000,41,1,0,3
4,1387572031000,42,2,1,0
2,1344632940000,16,20,4,2
4,1394824295000,41,17,2,1
1,1313178480000,42,23,4,0
2,1336241640000,42,2,2,1
1,1295034480000,35,5,0,3
2,1331923500000,23,34,1,3
3,1358693100000,26,17,2,1
2,1336244340000,42,2,1,4
4,1391201175000,42,5,3,0
3,1377288360000,42,2,2,2
3,1366398600000,17,24,3,2
3,1370633280000,2,39,0,1
1,1301681340000,41,1,2,0
1,1303503060000,38,2,0,0
5,1436560842000,42,19,0,1
6,1447451881000,34,28,1,2
1,1291404900000,42,2,0,2
5,1415390606000,12,21,3,0
1,1299410340000,41,1,1,1
2,1332529200000,42,2,0,0
5,1413569278000,42,2,2,0
1,1294430820000,17,38,1,1
1,1297456560000,27,9,1,0
5,1423857198000,42,2,1,0
2,1347387660000,18,42,0,2
3,1359141240000,42,30,3,0
1,1301684400000,15,43,5,1
3,1379710800000,15,23,2,1
2,1332535500000,42,2,1,4
5,1427493564000,42,2,3,1
5,1428085279000,15,25,2,0
3,1360362780000,34,43,3,0
1,1426278187000,19,16,1,3
4,1408735919000,23,42,2,3
1,1304713560000,17,34,2,1
3,1362178260000,28,38,2,3
3,1367002260000,12,27,0,0
4,1399663920000,17,24,0,1
1,1288372080000,42,2,1,0
4,1383947599000,40,6,1,1
2,1323453600000,42,2,2,4
1,1304100420000,26,8,2,0
6,1457728424000,38,36,1,0
2,1329505200000,41,43,4,4
2,1347647340000,2,42,3,2
3,1359148620000,41,36,1,1
1,1298138460000,34,2,1,1
3,1362775620000,23,16,2,0
2,1338052260000,42,23,1,2
6,1443817783000,38,28,0,1
4,1382123173000,15,28,3,1
2,1336759380000,42,2,0,1
2,1316196000000,42,2,0,1
2,1335788820000,36,38,2,0
2,1330716600000,1,42,0,1
4,1389993162000,10,25,2,0
5,1429901583000,28,13,1,0
3,1367268720000,10,25,0,3
5,1419020923000,12,42,1,2
4,1389998163000,40,2,0,1
1,1302348240000,43,15,0,1
3,1367263500000,26,14,2,2
4,1383946637000,2,39,1,2
4,1388791208000,41,37,3,0
6,1443810370000,26,40,0,0
3,1367351220000,17,26,2,2
3,1364595660000,38,7,2,3
2,1325872800000,17,19,3,1
2,1334949060000,4,39,2,3
3,1362778560000,28,13,2,3
2,1335786660000,42,23,3,0
3,1359746340000,2,39,4,0
2,1340996040000,8,26,2,3
1,1295041920000,39,3,4,2
1,1298666340000,42,2,1,2
4,1409411783000,42,2,0,1
5,1437770749000,42,31,3,0
1,1297459260000,7,32,2,4
1,1293909600000,43,15,0,3
5,1420224867000,42,2,2,2
6,1448046985000,15,19,0,0
3,1371850080000,37,41,0,5
3,1367256300000,41,1,2,2
3,1359149640000,30,42,1,3
3,1368816360000,40,26,0,3
1,1301134080000,38,2,0,1
4,1398455708000,15,36,2,0
4,1391209882000,42,12,1,1
2,1336763640000,42,2,3,2
5,1414787231000,42,2,2,1
3,1361560620000,42,2,0,0
4,1411149889000,42,23,2,0
4,1403893945000,15,40,3,1
2,1319219100000,15,40,1,0
2,1344626160000,25,10,2,0
1,1295644680000,38,28,2,0
3,1379711700000,26,12,0,1
5,1426279146000,36,6,1,2
1,1290194340000,42,2,1,1
6,1443814644000,28,38,0,1
3,1359146760000,30,42,1,1
3,1379104200000,42,12,0,1
3,1374266940000,42,23,3,0
4,1392406015000,42,2,2,1
2,1344021720000,28,10,5,1
3,1359142080000,43,34,1,5
2,1340471340000,2,35,1,1
4,1404503073000,42,2,0,1
4,1389995169000,21,14,2,1
4,1392422171000,42,2,3,0
1,1305473340000,41,1,1,2
4,1399059395000,38,17,1,0
1,1302352980000,43,15,0,1
6,1446837444000,19,17,1,2
1,1286728260000,42,2,0,1
1,1301089140000,31,2,1,3
2,1340995080000,19,15,1,0
2,1333824960000,1,26,0,1
1,1298673000000,42,2,1,2
3,1371837600000,38,7,3,1
2,1324669500000,26,36,3,0
2,1334950080000,21,14,2,1
1,1302287220000,42,2,0,1
1,1290194220000,42,2,1,0
3,1376076300000,42,2,0,2
4,1385753495000,42,2,1,1
1,1312573680000,42,2,0,0
1,1295040840000,39,3,2,0
2,1335810840000,12,28,0,1
5,1437759446000,36,2,0,1
1,1308945060000,10,25,1,1
3,1367004060000,26,14,5,1
3,1359144840000,43,34,0,1
1,1305474720000,41,1,4,3
3,1366401660000,2,39,3,0
2,1332526500000,41,43,1,1
2,1336760940000,42,2,1,1
2,1316805300000,42,2,1,1
1,1303499880000,38,17,2,0
1,1311967260000,42,2,1,1
5,1423859173000,42,2,1,1
1,1286728440000,42,2,2,5
1,1293825420000,42,2,3,2
1,1302960600000,40,2,0,2
4,1399068259000,37,42,1,3
1,1296246180000,26,36,2,2
1,1289575440000,28,12,0,1
1,1304706180000,41,17,1,2
2,1335788460000,30,37,0,0
1,1302295020000,42,2,1,5
4,1410025453000,15,28,1,1
1,1301678700000,41,1,0,0
4,1390600981000,41,1,2,1
1,1416149773000,19,16,2,2
3,1362163200000,42,23,1,2
5,1440793915000,26,33,3,1
1,1304105220000,17,19,3,0
1,1301092740000,15,23,1,1
5,1426276059000,26,11,1,0
1,1294520940000,42,2,1,0
5,1416607947000,42,23,2,0
3,1348855800000,42,2,4,2
2,1345232400000,2,39,3,0
2,1335802800000,42,23,2,2
4,1409421707000,26,17,0,2
3,1376080020000,42,2,1,0
5,1423252133000,19,42,1,4
1,1287161400000,42,2,1,1
5,1414781659000,26,17,1,2
4,1408732738000,42,23,2,0
2,1340476260000,28,10,1,3
3,1360959780000,42,5,0,4
4,1389987745000,34,7,2,0
1,1299406860000,41,1,0,0
5,1423257890000,26,36,0,2
2,1317408300000,41,43,0,0
3,1376073240000,2,42,2,1
1,1302285420000,42,2,1,2
4,1382732047000,42,2,0,0
3,1367258460000,12,27,1,1
4,1387575418000,42,2,2,4
2,1327690800000,40,15,1,2
3,1358697120000,42,2,2,1
4,1430159910000,41,30,4,3
5,1442602748000,26,33,3,0
2,1330717500000,41,17,2,2
4,1382730931000,42,2,0,2
3,1360956900000,6,33,2,3
5,1436553297000,42,19,2,1
1,1299409440000,41,1,1,1
1,1287161700000,42,2,1,0
5,1420238783000,42,2,2,2
3,1364595900000,12,27,1,2
4,1393020098000,42,2,2,1
3,1375557420000,23,16,1,2
4,1391208615000,17,24,4,0
5,1414174199000,42,2,1,1
4,1399056749000,43,15,1,1
6,1449866358000,42,8,1,0
1,1310837880000,26,31,1,0
1,1307299440000,42,2,0,3
1,1307304180000,42,2,2,2
1,1311965280000,42,2,1,2
1,1292010960000,42,2,1,1
4,1388774993000,42,2,1,0
4,1392414798000,42,2,1,2
3,1366402680000,23,16,1,2
1,1304709120000,42,8,0,2
3,1370640180000,2,39,1,0
3,1375558440000,12,27,2,2
1,1296333960000,41,17,1,1
3,1371837540000,41,1,2,1
1,1311441000000,17,26,1,3
3,1372527840000,42,2,0,1
5,1415386986000,23,10,3,1
3,1359748320000,26,14,3,1
3,1367011260000,41,37,2,1
5,1423254530000,36,26,0,1
4,1390594816000,41,1,0,2
1,1288984080000,42,2,2,4
3,1370638020000,12,27,2,2
2,1341606600000,19,42,2,0
3,1371847620000,38,7,1,3
2,1316194200000,42,2,1,0
1,1295044200000,12,26,1,3
2,1343417100000,16,20,3,2
3,1372520700000,42,2,0,0
3,1362264360000,42,2,1,0
4,1389996126000,6,33,2,0
3,1377282540000,2,42,2,1
5,1417813237000,42,2,2,2
1,1304188740000,26,12,1,2
5,1415392961000,38,4,2,3
2,1321648200000,42,2,1,2
1,1292010360000,42,2,1,3
2,1344635100000,30,37,0,1
1,1293822540000,42,2,0,1
1,1294432740000,42,12,0,0
2,1317402900000,40,2,1,1
2,1327693500000,26,40,5,0
1,1311352860000,26,36,1,1
4,1394223308000,42,2,1,3
1,1307200080000,42,2,2,1
4,1400874360000,23,35,1,1
3,1372529760000,15,28,0,1
2,1333738380000,26,14,3,1
3,1359152220000,41,30,1,3
5,1442606192000,34,25,2,0
1,1298672160000,42,2,1,1
2,1332536400000,42,2,1,5
4,1393621909000,42,2,1,0
1,1302960540000,38,2,0,4
1,1295638680000,42,23,2,1
6,1446232872000,41,1,1,1
3,1358698980000,42,2,2,1
2,1336249320000,42,2,1,0
3,1371932340000,26,36,1,0
1,1302349080000,1,42,3,2
2,1335812640000,28,38,4,2
1,1294436040000,26,40,0,1
3,1367001300000,23,16,2,2
3,1356725520000,15,25,1,2
1,1314996000000,42,2,0,1
1,1286115780000,42,2,0,0
6,1448054732000,34,17,1,0
2,1323454500000,42,2,1,2
2,1344021840000,34,7,0,1
6,1457730306000,34,40,2,1
5,1431113172000,17,34,1,3
1,1306582020000,41,17,8,1
5,1418415737000,42,2,1,1
1,1290194820000,42,2,1,2
1,1305485100000,42,2,2,1
1,1291405380000,42,2,0,1
1,1429904914000,23,16,2,1
6,1449863331000,8,42,1,3
1,1298674800000,42,2,1,1
5,1428088358000,28,13,3,1
1,1304709060000,15,43,0,1
6,1449865476000,17,34,0,1
2,1345222800000,15,23,1,0
6,1446836712000,42,19,1,0
4,1388792168000,41,37,2,0
4,1392406923000,42,2,1,2
1,1311963600000,42,2,0,5
1,1294435860000,26,12,3,1
6,1446238863000,12,42,0,2
4,1409412756000,26,17,2,0
1,1301133840000,26,12,2,0
3,1360963080000,23,16,0,3
4,1394216508000,41,1,2,1
4,1396041691000,42,2,1,2
5,1428093352000,12,27,0,0
1,1307729700000,42,2,2,0
1,1295639640000,26,40,4,0
3,1376762340000,28,15,1,0
1,1314996900000,42,2,2,5
1,1286728500000,42,2,0,2
4,1388784342000,23,16,1,2
2,1335786600000,42,18,3,2
3,1361561760000,42,2,1,1
6,1443211925000,23,42,0,1
2,1317405600000,15,40,3,0
4,1391806396000,26,11,4,0
2,1335808920000,12,42,1,1
2,1345833840000,34,7,1,1
3,1359147780000,43,34,1,1
4,1387567783000,42,2,0,1
5,1413573877000,42,5,2,3
2,1318613400000,42,2,0,1
1,1306581900000,1,42,0,0
3,1360955820000,42,31,3,0
2,1340463540000,17,21,1,2
4,1388781362000,15,25,1,0
6,1447444566000,26,36,1,3
4,1395519151000,28,15,0,2
3,1374262800000,28,38,3,0
1,1305917340000,41,1,0,2
1,1311365940000,42,2,3,0
4,1383938906000,42,2,1,1
2,1346438880000,15,36,2,3
2,1338063120000,42,2,3,2
5,1414783912000,2,42,3,1
3,1356731820000,28,13,3,4
5,1432317621000,42,2,1,0
1,1296252480000,42,2,0,0
5,1431115622000,36,15,0,1
1,1288984440000,42,2,2,0
1,1314385920000,34,2,1,1
4,1393016708000,42,2,1,2
1,1294437840000,15,40,2,2
4,1389989843000,28,10,0,1
1,1305918180000,41,1,3,2
5,1423860720000,42,2,2,0
3,1364595540000,17,24,3,1
1,1313178300000,42,23,2,0
6,1446849770000,34,28,0,1
1,1301420640000,42,2,0,0
1,1314384960000,42,2,2,3
5,1415396802000,8,24,3,2
4,1409413738000,15,28,2,1
4,1394834648000,12,42,1,3
5,1420227750000,42,2,2,1
3,1358694000000,42,2,2,0
3,1368822600000,40,26,2,2
2,1345836480000,42,2,1,0
4,1411151035000,38,28,2,1
1,1307209560000,42,2,0,2
1,1289575320000,40,15,0,2
2,1317409200000,41,43,0,0
2,1319221800000,17,26,2,2
1,1296931740000,26,17,2,1
2,1320432300000,35,5,0,1
1,1286879700000,41,1,0,3
3,1374268080000,26,40,6,0
6,1449867488000,36,15,0,2
1,1430157919000,26,36,3,0
6,1457724501000,30,41,0,2
1,1296245280000,26,17,2,0
5,1431110683000,42,8,3,1
4,1394828334000,38,17,1,4
4,1388182217000,13,22,1,1
1,1305919320000,41,1,0,0
6,1443214086000,40,26,0,1
5,1429912847000,41,37,1,1
4,1388778192000,12,27,2,0
5,1429909991000,15,25,3,2
4,1385758111000,42,2,0,1
3,1362259740000,17,26,3,0
5,1425673548000,12,35,2,1
4,1398460049000,42,8,4,1
1,1298812560000,42,2,2,1
6,1443813537000,40,26,1,2
1,1296930660000,28,15,1,0
3,1356726540000,26,14,4,1
1,1298665500000,41,1,1,0
1,1288371660000,42,2,0,3
3,1359143940000,30,42,0,4
2,1345403220000,28,38,1,0
5,1423862069000,42,2,0,0
3,1376157420000,26,17,1,2
4,1392420922000,42,2,1,1
2,1334348580000,36,6,1,3
1,1295648820000,40,26,1,1
5,1426280302000,15,22,2,3
5,1414182029000,2,39,4,2
5,1415397924000,41,37,4,1
1,1293911040000,1,42,2,3
1,1295045940000,12,26,2,1
3,1362780480000,2,42,3,0
1,1301686260000,17,41,1,2
1,1288984560000,42,2,1,0
1,1416602417000,7,32,0,1
3,1370635440000,26,14,2,0
1,1298160480000,41,1,1,4
2,1345835640000,42,4,1,0
2,1318618800000,42,2,2,0
1,1416607088000,42,23,2,2
5,1431111658000,15,36,2,2
6,1448046951000,8,28,0,0
5,1437768722000,19,38,2,1
2,1341604440000,34,28,1,1
4,1382735671000,42,2,2,1
1,1301421540000,42,2,2,2
4,1382726783000,28,15,0,1
1,1302284160000,42,2,0,3
1,1307636580000,41,1,0,1
1,1304107920000,42,2,1,1
1,1298805360000,42,2,2,0
3,1371934980000,42,19,0,0
2,1345832940000,36,6,1,1
4,1388181195000,16,20,3,1
3,1377281700000,26,17,1,1
3,1365881280000,15,40,2,0
2,1334341140000,15,22,1,1
2,1334946360000,34,17,1,1
5,1426274689000,17,21,2,2
1,1307208660000,42,2,3,2
3,1366405680000,40,6,0,2
1,1296242460000,34,17,0,6
1,1298138700000,15,19,2,0
2,1334340060000,34,7,0,1
1,1301421600000,42,2,1,3
5,1414782911000,15,28,2,2
3,1368817380000,28,38,1,1
4,1383339434000,2,42,0,0
3,1376165340000,42,2,1,0
4,1399660056000,23,16,1,1
1,1298810820000,42,2,1,1
4,1388170087000,42,2,0,2
3,1376164380000,15,28,1,0
1,1302283260000,41,1,2,0
1,1304711100000,15,36,3,0
4,1394830183000,42,12,0,2
2,1328904000000,42,2,2,2
1,1288984020000,42,2,1,2
1,1304109000000,42,2,1,1
1,1312576440000,42,2,1,0
3,1370634360000,28,13,3,3
4,1394826052000,1,42,3,1
2,1347645600000,15,28,2,1
5,1428087296000,42,5,2,0
1,1301687340000,43,15,1,3
4,1385759105000,42,2,1,1
1,1303488420000,41,1,1,2
1,1298159640000,41,1,2,1
2,1327083300000,41,43,0,1
1,1286728380000,42,2,2,4
1,1289575500000,26,12,1,1
3,1348861920000,42,2,1,1
4,1400873291000,19,39,0,1
3,1362256500000,17,26,2,1
4,1408743274000,37,41,1,3
4,1382723916000,15,28,2,0
1,1302286320000,42,2,1,2
3,1360957860000,13,22,2,1
2,1347643140000,42,2,3,2
2,1340469480000,26,11,2,1
2,1334336400000,41,1,1,1
4,1382729839000,42,2,1,1
3,1372450920000,2,42,0,5
5,1420234831000,42,2,1,1
2,1340993280000,26,8,0,0
1,1288982880000,42,2,0,4
2,1347385800000,41,28,4,0
3,1367266920000,32,7,1,1
2,1336765560000,42,2,1,4
1,1305921000000,41,1,2,0
2,1316203200000,42,2,2,1
1,1302349920000,43,15,1,0
1,1296248940000,42,2,0,3
4,1394822450000,1,42,0,0
2,1316808000000,42,2,1,3
2,1334339820000,42,2,1,2
5,1416151879000,42,4,2,3
2,1345917540000,41,30,0,1
1,1306581960000,43,15,0,1
4,1408125262000,34,28,2,0
1,1304189640000,34,12,0,4
2,1336761720000,42,2,1,1
1,1297453320000,39,4,1,0
4,1408733887000,28,38,0,3
1,1296333000000,15,43,1,2
3,1358692140000,28,15,1,2
3,1358694900000,15,28,1,2
3,1376072400000,15,28,3,0
4,1410032414000,15,28,1,1
1,1311363180000,34,28,2,0
3,1362771900000,40,6,1,1
4,1410026423000,26,17,2,2
4,1400877997000,42,20,1,0
6,1448047899000,36,26,0,1
4,1387570424000,42,2,4,1
1,1308943320000,13,22,1,1
2,1321640100000,42,2,1,0
1,1301419500000,41,1,1,1
4,1395515280000,42,2,1,1
5,1414789509000,41,1,4,2
2,1336247280000,42,2,1,2
3,1365874980000,15,40,2,0
5,1415395824000,19,13,1,2
4,1388785372000,40,6,0,3
2,1318617900000,42,2,1,1
1,1295040900000,39,3,6,2
2,1336845300000,41,43,2,2
4,1388787440000,15,25,2,0
2,1332532800000,42,2,3,1
2,1345405200000,23,42,0,2
4,1389392033000,26,11,1,0
2,1335804900000,26,17,3,2
3,1371841560000,23,16,1,1
3,1362776580000,42,5,2,1
1,1304710260000,34,17,0,2
2,1334344260000,26,11,2,1
1,1298813520000,42,2,1,0
4,1392409830000,42,2,0,0
1,1297887540000,15,23,4,0
4,1391802010000,36,6,0,4
3,1376079060000,42,2,2,2
2,1329504300000,41,43,2,2
1,1288371960000,42,2,3,1
1,1301418660000,41,1,1,3
1,1311361200000,26,17,0,0
2,1338673800000,42,2,1,4
1,1297453380000,39,4,3,4
2,1319222700000,17,38,3,2
1,1305912120000,41,1,2,1
1,1308946680000,10,25,4,3
3,1362263100000,42,2,1,2
5,1414178589000,42,5,3,3
3,1364595480000,2,39,3,2
2,1332525600000,41,43,2,0
1,1303506240000,15,23,1,0
4,1389999177000,17,24,2,0
1,1427491306000,28,10,3,2
4,1400870200000,34,28,2,1
3,1359751380000,15,25,3,1
1,1315597980000,42,2,2,0
1,1294431780000,15,40,1,0
1,1315600740000,42,2,1,0
2,1346442000000,15,36,3,0
4,1383342508000,42,2,0,2
3,1374265860000,28,38,2,0
4,1409422613000,15,28,2,0
4,1410027369000,42,2,3,2
1,1292010600000,42,2,2,0
5,1437758887000,42,2,1,1
1,1294440360000,12,28,1,2
3,1365874020000,38,17,0,3
2,1338054900000,15,28,1,3
4,1395513322000,26,17,2,0
4,1396037269000,2,34,2,1
3,1376166120000,17,26,0,0
1,1315595400000,42,2,2,3
4,1408740398000,28,38,1,1
5,1427490045000,8,27,1,1
1,1298154120000,41,1,1,0
2,1328898600000,42,2,0,1
2,1344023700000,26,11,0,1
2,1345402440000,38,28,0,0
2,1334955480000,32,7,1,1
1,1302294180000,42,2,1,1
3,1359140640000,43,30,0,0
2,1334346660000,8,27,2,3
3,1365877920000,15,40,1,0
3,1360353600000,28,10,0,1
5,1428092457000,23,16,1,0
3,1360351620000,8,27,1,1
6,1446237863000,17,38,0,0
1,1304185320000,26,12,1,0
3,1376161200000,28,15,1,3
1,1295649720000,38,28,3,3
1,1287162000000,42,2,1,1
2,1333734660000,42,23,1,1
4,1392416768000,42,2,0,1
4,1385761110000,42,2,1,0
1,1301090340000,34,2,1,3
2,1336242540000,42,2,0,4
1,1305478860000,41,1,1,1
3,1365879420000,12,42,0,3
4,1403903437000,41,37,1,1
3,1367012280000,41,37,9,0
3,1362266160000,42,2,2,3
1,1300479240000,42,2,0,3
2,1316202300000,42,2,2,1
4,1398454783000,8,42,1,2
1,1307727720000,41,1,1,2
1,1305481380000,41,1,2,1
2,1341599460000,26,33,1,0
3,1356728880000,23,16,2,0
2,1340994180000,2,34,4,0
2,1343415780000,13,22,1,1
1,1288984260000,42,2,0,0
5,1413569240000,42,2,2,2
1,1298670060000,42,2,0,2
1,1302961620000,42,2,2,2
6,1446840613000,15,19,0,2
2,1340477160000,34,7,1,3
1,1307211360000,42,2,0,1
2,1316197800000,42,2,0,1
2,1316799900000,42,2,0,0
3,1367003100000,2,39,1,1
4,1383942131000,26,14,1,0
6,1448050763000,26,17,0,1
4,1394227095000,42,2,0,1
4,1388777253000,42,5,0,2
3,1371844740000,26,14,2,2
2,1333742520000,15,25,3,1
5,1428089364000,38,7,0,3
1,1294429680000,42,12,1,0
4,1388782356000,26,14,0,0
5,1414785095000,17,26,1,2
3,1372525320000,42,2,0,0
4,1394836468000,41,37,2,0
6,1446838321000,15,36,2,1
1,1289574960000,42,2,1,0
3,1375552500000,42,2,2,2
4,1400876662000,28,32,2,1
2,1323457200000,42,2,1,2
2,1330714800000,41,17,1,1
6,1446232894000,41,1,0,3
4,1392407897000,42,2,0,0
3,1374261900000,26,40,1,0
1,1295044020000,29,6,0,5
5,1429908541000,42,5,5,0
3,1379714400000,26,12,0,1
1,1289575260000,23,15,0,2
1,1295034420000,35,5,0,0
4,1411157634000,38,28,1,0
4,1382127142000,2,42,1,1
1,1304186280000,26,12,1,2
3,1377286500000,42,2,2,0
2,1345838640000,15,22,1,0
1,1307637420000,42,2,0,1
1,1291404780000,42,2,0,5
1,1302957600000,42,2,0,0
1,1299411180000,41,1,1,0
2,1347386700000,43,26,0,5
1,1297460700000,2,38,2,1
1,1312570680000,42,2,1,2
2,1327689900000,28,15,0,1
4,1391199033000,38,2,3,2
3,1362168600000,38,28,2,2
2,1335043800000,43,41,0,0
1,1304707020000,42,1,5,1
4,1408128468000,28,34,0,1
4,1408738308000,26,40,2,0
1,1307736180000,26,17,1,3
3,1364595840000,26,14,0,1
4,1430134594000,36,26,2,2
1,1305479760000,41,1,0,2
4,1390593938000,41,1,0,0
1,1296240480000,26,8,3,2
1,1294524840000,42,2,0,2
1,1296929820000,17,26,0,3
3,1366412520000,41,37,7,1
6,1446841375000,26,36,2,0
2,1332528300000,42,2,1,4
6,1448057358000,19,42,1,1
1,1286879760000,41,1,1,1
1,1305480540000,41,1,1,0
4,1409419637000,28,15,2,1
2,1332538200000,42,2,2,3
1,1296927000000,42,2,3,5
1,1314985440000,42,2,2,2
2,1336846200000,41,43,1,1
2,1328896800000,42,2,2,2
5,1426273743000,42,4,0,0
2,1331921700000,8,26,0,3
3,1367261460000,2,39,1,1
2,1335807960000,2,42,0,1
4,1391800019000,19,16,2,1
5,1427486699000,17,21,0,2
2,1345235400000,38,7,0,3
3,1365876900000,17,38,3,0
1,1303506180000,15,28,1,0
1,1298132400000,15,19,3,0
2,1320435000000,35,5,3,3
5,1414176297000,26,14,0,1
6,1448053925000,19,42,1,1
1,1307213040000,42,2,1,1
1,1310843160000,34,2,1,0
2,1336767780000,42,2,3,1
1,1288372020000,42,2,1,1
5,1425674808000,42,9,1,2
4,1383940166000,42,5,3,2
1,1307303280000,42,2,0,3
3,1362777660000,17,24,3,1
3,1370632260000,42,5,1,1
2,1344624960000,17,32,4,2
5,1414180628000,17,24,1,1
4,1382728712000,17,26,2,1
2,1335815520000,42,2,0,3
2,1345233300000,12,27,0,2
5,1429900562000,26,14,1,1
3,1372447920000,28,15,0,2
5,1431108124000,41,1,3,0
2,1318622400000,42,2,1,3
2,1338673740000,42,2,0,3
3,1377290520000,42,2,3,1
1,1304093760000,34,2,2,0
1,1301680500000,41,1,2,1
4,1391803093000,42,4,0,2
1,1298162160000,41,1,0,0
1,1304705160000,43,15,1,2
4,1395516298000,15,28,2,3
3,1376071440000,42,2,1,2
3,1360967400000,37,41,0,6
1,1293822480000,42,2,1,3
4,1382131140000,42,2,3,0
1,1297883520000,2,38,3,0
5,1432324800000,42,2,1,2
1,1299416100000,43,1,0,0
3,1376159340000,2,42,0,2
5,1434739309000,15,19,1,0
4,1408127249000,42,19,6,0
2,1340991180000,34,2,0,1
1,1287161640000,42,2,1,2
1,1304162820000,41,43,2,0
3,1363988520000,26,17,0,0
1,1296918300000,36,15,0,1
3,1348858380000,26,11,0,2
4,1390603740000,41,1,2,3
5,1434742724000,34,7,2,0
3,1375562340000,38,7,1,1
1,1303497900000,12,42,1,0
5,1417807352000,42,2,0,1
1,1296244380000,19,17,0,1
5,1442605179000,38,22,1,2
1,1301077920000,41,1,1,0
1,1307734380000,17,26,1,2
3,1371848820000,17,24,2,1
5,1418421707000,42,2,0,2
1,1312571940000,42,2,3,1
3,1370630400000,23,16,1,2
4,1394829227000,15,40,1,0
3,1348859640000,8,27,1,0
5,1423250292000,26,36,2,1
1,1288984680000,42,2,2,1
2,1324664100000,19,40,2,1
5,1434750904000,2,35,5,0
1,1295037180000,13,22,2,3
4,1380309351000,42,2,0,0
1,1297892220000,2,38,1,0
1,1300483080000,41,1,0,2
4,1391196146000,37,1,0,2
3,1360956000000,16,20,2,1
3,1360966200000,37,43,0,1
4,1392415885000,42,2,1,2
2,1343413740000,6,33,4,1
1,1315593600000,42,2,0,0
4,1382125123000,26,17,2,0
1,1311966300000,26,17,4,2
4,1410034069000,26,17,1,0
1,1310842860000,12,26,0,2
4,1394219370000,42,2,1,1
3,1372441920000,42,2,1,0
1,1292587200000,41,1,1,1
4,1403900116000,15,40,2,1
2,1324671300000,28,31,3,0
4,1403902215000,42,12,2,0
4,1387569480000,42,2,0,0
2,1343419560000,21,14,2,2
1,1305482220000,42,2,1,1
2,1334954340000,22,13,1,3
5,1418410950000,42,2,0,3
5,1436559885000,36,26,1,1
3,1371845760000,28,13,1,1
6,1443213016000,28,38,4,0
4,1390591286000,41,1,2,1
1,1298811720000,42,2,1,2
1,1298158860000,41,1,0,2
4,1397853611000,10,25,2,1
2,1330719300000,1,42,1,1
4,1398453824000,17,34,2,0
2,1324665000000,19,42,2,3
2,1318619700000,42,2,0,0
5,1419012033000,1,41,1,2
3,1360355460000,34,7,3,1
1,1298140500000,2,34,2,1
2,1345833000000,8,27,2,1
1,1299414180000,41,1,1,1
3,1356724500000,42,5,1,0
1,1298680380000,41,1,4,1
1,1290194580000,42,2,1,0
6,1443208405000,42,23,2,0
4,1404503949000,42,2,2,0
4,1430134647000,19,42,0,2
3,1358025420000,28,15,1,3
4,1388173963000,33,6,0,2
5,1432319400000,42,2,2,2
4,1400872187000,31,27,0,3
1,1296250740000,42,2,3,6
3,1367265540000,42,5,1,1
4,1390592201000,41,1,0,1
5,1414187020000,41,37,1,0
1,1298127900000,34,12,1,0
3,1371846660000,17,24,2,0
3,1362262080000,2,42,1,3
4,1389994123000,9,27,0,0
2,1321649100000,42,2,3,2
2,1345229340000,42,5,0,0
6,1448058421000,36,26,2,1
2,1334950980000,11,24,3,3
4,1385763603000,42,2,0,3
1,1394832407000,40,15,3,3
3,1376168880000,42,2,0,1
5,1428096682000,42,2,2,3
3,1361563560000,42,2,0,3
2,1329503400000,41,43,2,1
6,1443210897000,26,40,1,1
4,1391810885000,42,8,1,1
5,1428085238000,42,2,1,1
1,1293910680000,41,17,0,1
2,1318611600000,42,2,0,1
6,1457732462000,31,42,0,3
3,1366408800000,28,13,0,0
5,1415394885000,26,9,2,0
1,1307300580000,42,2,0,2
2,1323459900000,42,2,2,5
2,1318614300000,42,2,2,4
3,1367259420000,17,24,3,1
3,1362179280000,23,42,1,2
4,1389393137000,19,16,0,4
3,1375560300000,42,5,2,1
3,1348858440000,36,6,1,4
2,1334350620000,42,2,1,2
2,1336241700000,42,2,0,0
4,1382132155000,42,2,0,1
1,1288984140000,42,2,0,2
2,1318620600000,42,2,1,4
5,1423862918000,42,2,2,1
2,1328901300000,42,2,4,2
3,1363991220000,28,15,0,1
5,1414187036000,41,37,9,0
1,1308944220000,13,22,2,0
1,1315601400000,42,2,1,3
3,1358024520000,2,42,0,2
3,1367010360000,26,12,3,1
3,1364595780000,42,5,1,1
4,1389984688000,26,11,2,2
1,1300484040000,41,1,0,0
1,1288371900000,42,2,1,7
4,1404500177000,42,2,2,1
5,1423855407000,41,1,2,1
1,1304717340000,41,30,3,0
4,1408131488000,34,28,1,1
2,1343411700000,42,9,6,1
1,1299327000000,41,1,1,0
2,1316192400000,42,2,1,3
4,1399664916000,40,6,1,1
4,1393618862000,42,2,1,3
1,1296247560000,36,15,0,4
4,1393015775000,42,2,3,0
6,1446843236000,42,8,1,2
4,1399060708000,42,12,1,0
1,1314381420000,8,28,0,0
3,1367342160000,42,2,2,1
1,1311350520000,26,17,3,0
1,1301689320000,41,17,0,1
1,1305484260000,42,2,2,4
3,1364595360000,26,40,1,1
4,1390000145000,40,6,2,0
2,1323456300000,42,2,1,1
1,1305487620000,42,2,0,2
1,1305472980000,41,1,2,0
2,1316798100000,42,2,2,1
5,1429899283000,41,1,3,1
4,1396040089000,34,7,1,2
4,1398460008000,42,8,1,1
2,1347652080000,42,2,1,2
1,1291404960000,42,2,0,2
4,1383941123000,17,24,1,1
1,1304106780000,17,26,1,0
4,1397847773000,27,9,1,2
1,1305914220000,41,1,1,1
4,1388176587000,24,11,4,1
3,1371852480000,37,41,1,3
2,1341605400000,26,36,2,1
4,1392408990000,42,2,0,1
1,1300482120000,42,2,1,0
5,1434740467000,42,4,1,1
4,1392411807000,42,2,0,1
1,1310835300000,26,12,1,0
4,1390593152000,41,1,2,5
2,1347655020000,42,2,1,1
5,1413572847000,28,13,1,2
1,1293825480000,42,2,0,3
3,1376167920000,42,2,2,1
4,1385756445000,42,2,0,3
2,1333824900000,18,15,1,2
3,1364595300000,42,23,3,2
4,1396038544000,19,15,1,4
1,1297889460000,26,12,1,2
6,1448653983000,36,26,3,0
1,1311969780000,28,15,0,1
2,1325873700000,17,26,1,2
6,1457729401000,42,31,2,0
4,1399661024000,38,7,0,0
2,1318617000000,42,2,1,1
4,1391804537000,2,35,1,0
6,1443818783000,42,23,1,0
5,1434743937000,19,16,1,0
6,1447455495000,28,34,1,0
1,1304712000000,8,42,1,2
3,1372446960000,26,17,1,1
3,1371840600000,15,25,0,0
3,1371928440000,42,19,2,0
3,1372444860000,15,28,1,1
1,1297461780000,12,26,2,0
2,1329501600000,41,43,5,0
3,1366409820000,42,5,1,1
1,1314383100000,15,28,3,1
4,1383338317000,28,15,2,1
3,1368815400000,42,23,0,1
1,1312577400000,42,2,2,1
6,1447454573000,19,42,1,2
1,1304196000000,41,1,0,0
2,1336251060000,42,2,2,2
1,1299329760000,41,43,1,1
1,1287161760000,42,2,1,1
2,1336762620000,42,2,1,3
1,1296238380000,15,19,1,3
4,1389985625000,15,22,3,0
1,1296338880000,1,41,0,2
5,1414175394000,15,25,1,1
1,1292010840000,42,2,0,1
5,1420225723000,42,2,1,2
1,1290194940000,42,2,1,4
4,1395526573000,42,2,1,0
1,1305490260000,42,2,1,2
1,1302282060000,41,1,3,1
2,1343411760000,27,9,0,0
3,1366399920000,12,27,0,0
1,1304104680000,15,19,1,1
1,1286117280000,42,2,3,3
2,1347646440000,26,17,1,1
4,1399058106000,15,40,2,1
4,1403895720000,12,42,0,1
4,1397855686000,16,20,6,0
4,1394220270000,42,2,0,1
6,1443821635000,23,42,1,2
2,1346445120000,41,30,3,1
2,1323455400000,42,2,0,2
1,1286722860000,42,2,0,2
4,1390602915000,41,1,2,3
3,1371935880000,36,26,0,2
3,1362171660000,26,40,1,1
1,1293918300000,43,15,1,4
1,1305477180000,41,1,4,3
2,1330713900000,41,43,1,5
5,1414786017000,28,15,0,3
3,1360962120000,17,24,2,2
5,1417804570000,42,2,2,1
3,1362172500000,28,38,1,0
5,1431118921000,36,15,1,2
3,1375564380000,40,6,1,5
1,1307298480000,42,2,0,3
4,1380316676000,42,2,2,4
1,1301677140000,41,1,1,2
1,1300484880000,41,1,4,1
5,1427485663000,26,8,3,0
3,1361564460000,42,2,0,2
2,1340472240000,36,6,0,1
1,1416148797000,28,10,1,1
3,1367269620000,42,19,1,0
3,1362257520000,15,28,2,1
5,1442599589000,42,20,4,0
6,1446236876000,15,40,2,1
1,1286728200000,42,2,3,2
3,1372528740000,42,2,0,1
1,1313174100000,13,22,2,1
1,1295644740000,42,23,4,1
5,1419012611000,1,41,0,2
1,1296917460000,28,15,0,1
4,1394229691000,42,2,1,0
5,1417809260000,42,2,0,4
2,1333741500000,2,39,1,1
4,1398450731000,34,17,0,0
2,1321641000000,42,2,2,0
2,1335814560000,38,2,1,1
1,1292583900000,41,1,1,2
3,1359750180000,23,16,0,2
1,1302953160000,42,2,1,0
5,1414790341000,41,1,0,2
6,1448656469000,42,19,2,1
1,1290194520000,42,2,0,2
4,1394222185000,42,2,1,0
3,1362770820000,15,28,1,1
3,1371843540000,40,6,0,5
3,1379108700000,38,17,0,0
2,1335043500000,41,30,2,0
1,1315593660000,42,2,2,2
2,1334952420000,20,16,0,2
2,1341001200000,34,7,1,1
6,1448658489000,34,28,0,1
1,1301134440000,38,2,0,1
5,1417814233000,42,2,2,0
1,1311441900000,2,42,0,0
2,1331922600000,12,26,0,1
1,1295647740000,38,28,2,1
5,1414780770000,41,1,2,0
3,1364595960000,23,16,1,0
1,1286728320000,42,2,1,3
3,1362774780000,15,25,2,1
1,1291404840000,42,2,2,4
3,1358692080000,2,42,2,2
4,1388175422000,27,9,1,3
1,1301133960000,26,12,2,3
4,1390596579000,41,1,1,2
4,1393615783000,42,2,0,2
1,1288984380000,42,2,0,3
4,1389382866000,34,17,4,1
3,1360359300000,42,2,2,1
2,1336244280000,42,2,3,2
2,1333747080000,42,23,1,1
1,1301679480000,41,1,0,2
5,1437759522000,15,36,1,0
1,1302952200000,42,2,1,0
5,1426284108000,28,10,2,1
2,1336764480000,42,2,2,1
2,1316199600000,42,2,2,0
4,1385754353000,42,2,1,1
4,1403901172000,38,17,1,2
4,1389396575000,42,2,1,2
3,1360964940000,15,25,3,1
4,1394227953000,42,2,1,0
1,1296332940000,41,17,1,0
5,1442603870000,28,32,4,1
4,1389991073000,36,6,0,2
4,1393624656000,42,2,0,1
5,1431109446000,34,17,2,1
5,1425677847000,15,33,5,1
1,1287161340000,42,2,3,2
1,1301417760000,41,1,0,3
2,1321642800000,42,2,2,4
6,1446234931000,38,17,1,1
2,1323462600000,42,2,3,4
4,1408730868000,38,28,0,1
1,1311963540000,42,2,0,2
4,1393626681000,42,2,4,0
1,1288984860000,42,2,1,1
1,1295033520000,35,5,0,2
5,1432322100000,42,2,2,3
4,1408129650000,36,26,1,2
1,1311365040000,36,2,0,1
3,1357745040000,30,41,0,0
1,1299407820000,41,1,2,1
2,1320431400000,35,5,4,2
2,1347652980000,42,2,0,2
2,1327692600000,26,17,3,0
1,1299417900000,43,41,0,0
4,1399660023000,15,23,3,0
3,1365876000000,42,12,1,0
1,1304703120000,17,41,2,3
4,1383334474000,28,15,2,1
1,1296927900000,15,28,2,0
5,1442600494000,36,24,0,0
3,1358698080000,42,2,1,2
5,1416595182000,8,27,1,2
2,1332531900000,42,2,2,3
3,1376755500000,15,28,2,0
1,1300478220000,42,2,1,1
1,1311966240000,15,28,0,1
2,1336768740000,42,2,1,1
2,1345834740000,2,35,2,0
4,1389992046000,13,22,1,0
3,1379709000000,41,1,2,0
1,1288371600000,42,2,0,0
3,1367345040000,42,2,0,2
3,1362772800000,2,39,1,0
1,1315587180000,42,2,0,1
4,1398452773000,15,36,2,0
4,1393013781000,42,2,2,1
3,1375559340000,2,39,0,0
2,1323459000000,42,2,1,2
3,1377283380000,28,15,1,2
2,1333737300000,12,27,0,3
5,1418417855000,42,2,0,1
1,1292011020000,42,2,2,1
2,1346433720000,41,1,2,1
2,1316800800000,42,2,1,0
5,1431114165000,8,42,0,2
1,1298678520000,41,1,2,1
2,1334960340000,38,36,1,1
1,1307725140000,41,1,1,0
3,1363991280000,17,26,2,2
5,1442601513000,31,27,1,3
1,1297888620000,38,2,3,3
4,1383335712000,42,2,1,2
1,1298153340000,41,1,0,0
1,1286115660000,42,2,0,3
1,1298129100000,34,2,2,4
2,1316200500000,42,2,1,2
4,1408731773000,26,40,0,1
5,1423249136000,42,19,2,0
1,1296239460000,34,2,1,0
1,1302282000000,41,1,3,2
4,1389986584000,42,4,1,2
3,1367347440000,15,28,3,1
2,1331920800000,31,26,0,6
1,1304102400000,15,28,1,1
4,1397854615000,32,7,2,1
1,1292010720000,42,2,2,2
5,1428091404000,40,6,1,1
3,1360356360000,15,22,2,0
1,1301685300000,1,42,3,0
4,1408126212000,26,36,2,0
3,1376162160000,42,2,2,2
2,1334953380000,10,25,2,0
5,1419010057000,1,41,1,1
4,1410028522000,28,15,0,1
3,1360354500000,42,4,2,0
1,1298667300000,42,2,0,3
1,1307735160000,42,2,1,2
1,1298157300000,41,1,2,2
1,1300475700000,42,2,0,0
2,1333734720000,42,23,1,2
3,1372443000000,42,2,2,2
4,1398449658000,41,1,2,1
2,1323460800000,42,2,2,4
3,1377284460000,17,26,0,2
1,1301078700000,41,1,2,1
3,1367007300000,42,5,3,0
6,1448652007000,34,28,2,0
1,1315594440000,42,2,2,2
5,1419015729000,15,40,2,1
5,1431117682000,8,42,3,5
2,1321643700000,42,2,1,4
1,1301428620000,42,2,1,0
5,1418419621000,42,2,2,0
1,1307727780000,41,1,1,4
5,1437759632000,25,10,2,1
2,1335043620000,41,30,2,0
4,1382121217000,2,42,1,1
1,1310843040000,31,2,1,3
3,1372452060000,2,42,1,1
4,1388183136000,35,5,0,0
5,1413574886000,15,25,0,1
4,1394831142000,17,38,4,0
4,1399068214000,43,38,0,0
1,1294520460000,42,2,2,2
1,1311973620000,2,42,2,3
3,1368824520000,23,42,3,2
3,1379110500000,42,12,2,1
2,1334349720000,42,4,1,1
1,1291405020000,42,2,3,3
2,1316198700000,42,2,0,4
5,1420223370000,42,2,2,1
6,1457733376000,34,40,0,1
4,1396036141000,8,26,0,1
1,1292010480000,42,2,0,6
2,1331925300000,2,34,4,0
1,1312572780000,42,2,0,2
1,1298668980000,42,2,1,1
2,1316807100000,42,2,1,1
2,1345834020000,26,11,0,0
5,1437769796000,42,19,1,1
2,1333740600000,42,5,4,1
2,1341602340000,31,27,0,1
5,1423864061000,42,2,0,2
4,1393012605000,42,2,2,0
4,1389390663000,42,4,5,0
1,1287161880000,42,2,0,2
1,1307305080000,42,2,0,2
4,1409417888000,17,26,1,3
4,1411154292000,28,38,1,0
5,1415387997000,34,5,4,1
3,1376078160000,15,28,2,0
2,1332533700000,42,2,1,0
4,1382725786000,26,17,0,1
1,1313170500000,26,17,1,1
1,1306581600000,1,41,1,0
6,1457725492000,36,38,2,1
1,1291404480000,42,2,1,1
1,1300469100000,41,1,1,0
1,1307301480000,42,2,0,4
4,1393619993000,42,2,1,1
1,1302288120000,42,2,2,2
3,1376077260000,26,17,0,1
4,1408744271000,37,41,0,2
1,1311962700000,42,2,1,1
1,1296933660000,28,15,3,1
2,1328904900000,42,2,3,3
4,1408130532000,42,19,1,2
3,1375561440000,26,14,2,3
3,1371931320000,19,42,0,1
4,1380314156000,42,2,2,0
1,1304192340000,42,12,1,1
2,1328900400000,42,2,2,0
4,1383336910000,17,26,3,2
1,1300476540000,42,2,0,1
4,1391805421000,17,21,1,1
5,1415391689000,31,6,1,1
2,1344622920000,38,11,0,1
1,1305917400000,41,1,1,4
2,1333739340000,40,6,0,3
1,1288372200000,42,2,1,0
1,1295039580000,39,4,2,2
2,1325877300000,14,21,4,0
6,1446230872000,41,1,2,2
2,1346436900000,42,8,0,1
3,1367262600000,15,25,3,0
5,1417808295000,42,2,1,2
2,1327687200000,42,2,0,1
2,1336246200000,42,2,1,2
6,1446845315000,42,2,1,0
2,1327694400000,26,12,3,1
6,1448657507000,26,36,2,3
1,1298161320000,41,1,1,2
5,1414789496000,41,1,2,0
1,1288984320000,42,2,0,3
1,1315599960000,42,2,0,1
5,1420228887000,42,2,2,1
5,1428094371000,2,39,2,3
1,1294523220000,42,2,1,3
1,1292011080000,42,2,1,1
3,1357747200000,30,41,0,2
6,1449861233000,36,15,1,0
1,1286118000000,42,2,0,1
1,1307212200000,42,2,0,1
2,1338054060000,15,23,2,1
4,1380315560000,42,2,0,4
3,1362779580000,26,17,1,1
2,1324665900000,23,42,2,0
2,1333825800000,41,2,0,1
2,1341603300000,23,35,1,3
3,1370631360000,17,24,1,0
1,1311437040000,26,17,2,0
5,1431107015000,41,30,1,2
4,1391200105000,40,6,0,5
4,1403893040000,42,12,3,0
1,1286117220000,42,2,3,3
3,1367273640000,41,30,3,0
4,1394217471000,42,2,0,1
2,1333824120000,41,2,0,1
3,1359755460000,42,23,5,2
1,1298156040000,41,1,2,0
4,1381530593000,35,5,1,1
3,1376072340000,26,17,0,0
1,1305472500000,41,1,1,1
2,1346444160000,42,8,1,3
5,1436552383000,26,36,4,3
2,1330715700000,43,15,3,2
2,1333745040000,38,7,1,3
4,1408742292000,23,42,1,2
1,1298806740000,42,2,0,0
4,1389394121000,28,10,0,1
3,1348860840000,2,35,3,1
2,1345401600000,26,40,3,2
2,1328899500000,42,2,1,1
1,1307302320000,42,2,0,0
2,1344022680000,42,4,1,1
3,1376761380000,26,17,2,3
3,1379707200000,41,1,0,1
3,1367006400000,38,7,1,1
1,1311440100000,28,15,0,2
1,1298130240000,31,2,1,3
4,1411155128000,40,26,1,1
4,1383938943000,42,2,0,1
3,1361568480000,28,15,0,1
5,1427492333000,2,35,2,1
3,1368813360000,26,40,3,1
1,1302351840000,1,42,4,0
4,1430136710000,34,28,3,1
1,1314383160000,15,19,4,0
1,1305921840000,41,1,1,0
4,1383943006000,15,25,1,1
1,1306581780000,41,1,2,1
2,1346437920000,15,36,4,0
2,1345830180000,41,30,2,0
3,1371930360000,34,28,2,2
4,1388178889000,39,4,1,1
4,1410030883000,2,42,1,3
2,1335043740000,43,30,2,0
1,1301676240000,41,1,2,1
5,1425675734000,38,11,0,1
2,1345400520000,42,23,3,0
4,1390589640000,41,1,2,1
4,1391809607000,34,7,0,2
1,1293918000000,41,17,1,1
4,1395518214000,2,42,0,0
1,1298133540000,15,31,3,1
1,1300477380000,42,2,0,3
2,1335813540000,40,2,0,3
4,1391211702000,42,12,2,1
2,1341596820000,34,25,1,2
4,1382727829000,2,42,0,0
3,1376075340000,28,15,0,1
5,1418418771000,42,2,0,0
1,1300474740000,42,2,0,3
4,1381525694000,35,5,1,1
6,1457724453000,30,41,1,2
2,1330711200000,41,43,2,0
1,1290194760000,42,2,1,1
5,1423856377000,42,2,2,1
3,1371895200000,37,41,0,1
1,1311359280000,42,2,0,2
2,1334945220000,15,36,1,0
1,1297891380000,23,15,0,2
1,1296332880000,41,1,0,0
2,1335811740000,28,15,1,0
3,1376160300000,17,26,2,1
3,1362173400000,23,42,2,1
6,1446234015000,15,40,1,0
1,1297881780000,15,23,1,0
1,1298158020000,41,1,2,1
2,1316196900000,42,2,1,2
3,1367344140000,42,2,2,2
2,1335043560000,41,30,2,0
1,1304697360000,42,1,2,1
3,1367346060000,26,17,2,0
4,1385762312000,42,2,1,1
5,1425669587000,36,13,1,3
1,1298808540000,42,2,1,2
4,1393623775000,42,2,1,1
3,1376765280000,42,2,0,3
1,1416153882000,17,21,1,1
5,1434748719000,28,10,1,1
4,1392410806000,42,2,0,4
1,1302951300000,42,2,2,1
4,1392419907000,42,2,1,1
1,1302289320000,42,2,0,2
2,1331934300000,41,30,3,0
2,1325874600000,14,21,2,2
5,1436562050000,34,28,0,0
2,1328902200000,42,2,0,4
2,1320429600000,35,5,2,2
1,1291404660000,42,2,1,1
3,1375563420000,28,13,3,2
3,1362177360000,26,40,1,1
3,1372446060000,42,2,4,1
4,1391800923000,8,27,4,2
2,1347385740000,41,43,1,1
3,1377276600000,42,2,3,2
1,1313175240000,13,22,1,1
1,1297448700000,35,5,0,2
4,1395520129000,26,17,1,0
4,1396033114000,26,8,2,1
1,1311964440000,42,2,0,0
1,1289575140000,28,38,2,0
3,1358022720000,15,28,3,0
4,1388776158000,42,2,1,3
1,1301093940000,15,31,3,0
3,1358026320000,17,26,5,1
1,1288984500000,42,2,1,1
1,1314987360000,42,2,1,0
2,1346439900000,42,8,1,1
4,1387566891000,42,2,0,2
4,1394230565000,42,2,1,1
1,1289574780000,42,2,3,0
5,1432321200000,42,2,3,0
3,1372448940000,2,42,1,1
6,1449869921000,42,8,2,1
4,1381527455000,35,5,1,0
4,1393022029000,42,2,2,0
3,1379107800000,15,40,3,0
1,1298677680000,42,2,0,1
1,1304101440000,15,36,2,0
1,1296919680000,19,15,1,0
2,1344021660000,36,6,0,5
2,1316803500000,42,2,1,3
5,1429912829000,41,37,4,0
2,1316797200000,41,43,0,1
5,1420226863000,42,2,0,1
2,1319216400000,38,2,1,0
4,1382723898000,41,1,2,2
4,1403899139000,42,12,2,1
5,1427487996000,15,22,3,0
2,1345228260000,40,6,1,2
4,1409410966000,42,2,1,1
1,1296248880000,42,2,1,3
1,1302291360000,42,2,2,0
4,1391197041000,26,12,0,1
1,1296241380000,26,17,1,2
3,1360358340000,36,6,3,3
2,1325876400000,14,21,1,1
3,1372525380000,42,2,3,2
5,1440799144000,26,40,3,0
4,1380313135000,42,2,2,2
5,1418413022000,42,2,2,0
1,1301690220000,15,43,1,2
1,1296922740000,26,36,1,1
1,1291405440000,42,2,0,2
1,1304185260000,42,12,1,1
3,1366412160000,41,37,3,1
1,1286723280000,42,2,1,3
5,1416604615000,33,6,2,1
2,1318615200000,42,2,1,3
2,1346440920000,34,17,1,3
4,1388177757000,10,25,0,1
5,1428090369000,26,14,2,0
4,1397856902000,6,33,1,3
1,1289575380000,28,15,1,1
1,1301134020000,15,23,3,0
5,1425670637000,34,14,2,1
4,1394218373000,42,2,0,1
3,1372527000000,42,2,2,0
1,1286722800000,42,2,1,1
4,1393021055000,42,2,1,2
4,1399056986000,41,17,1,0
6,1446843046000,36,2,0,2
6,1443815657000,23,42,0,2
1,1294430760000,42,12,1,0
2,1340470320000,8,27,2,5
1,1300474680000,41,1,1,1
4,1391202173000,23,16,3,1
4,1394833448000,42,12,3,2
6,1443820778000,28,38,0,1
6,1448057312000,34,28,5,1
4,1382733959000,42,2,3,4
4,1391807524000,28,10,1,1
5,1440797932000,26,40,4,1
4,1389388473000,34,7,1,1
1,1297882560000,26,12,0,0
5,1419016724000,42,12,3,1
2,1334343180000,2,35,3,1
5,1429906125000,17,24,2,0
1,1295031600000,41,1,0,1
3,1361563500000,42,2,2,2
2,1325879100000,22,13,1,5
1,1311437880000,42,2,0,3
5,1418409980000,42,2,1,1
4,1397846704000,21,14,2,2
5,1434746702000,26,11,6,2
2,1333734600000,41,43,2,1
5,1440792699000,36,24,1,2
3,1375556340000,15,25,3,0
1,1303493700000,15,37,0,1
1,1296917280000,19,15,1,2
4,1390590467000,41,1,1,1
2,1327688100000,38,2,0,1
2,1344634140000,41,37,5,0
1,1293917700000,1,42,2,0
4,1394823385000,43,15,0,1
5,1437759586000,11,24,1,1
4,1388780198000,38,7,0,3
4,1404502069000,42,2,3,1
3,1376760480000,42,2,2,0
4,1388793014000,41,37,3,0
1,1295032680000,35,5,1,2
3,1376074440000,17,26,2,3
1,1289575200000,28,15,0,1
5,1437766680000,5,35,3,1
1,1434745050000,17,21,1,3
5,1423858345000,42,2,2,3
5,1426272732000,26,8,1,0
1,1295031720000,35,5,0,1
2,1329506100000,41,1,1,1
2,1345231260000,17,24,1,1
1,1314987420000,42,2,1,2
6,1449862281000,34,17,1,1
4,1404498009000,42,2,5,1
1,1436557535000,19,42,2,1
4,1390595697000,41,1,1,1
2,1325875500000,14,21,1,2
1,1296333840000,1,42,0,0
1,1286015520000,41,1,0,2
5,1434747724000,15,22,1,0
1,1311434220000,42,2,0,2
1,1314381360000,34,28,1,1
4,1430155778000,28,34,1,3
3,1362180180000,40,26,1,2
3,1379106000000,38,17,0,0
1,1298127960000,34,23,0,0
4,1393613992000,42,2,1,1
4,1383948617000,38,7,1,0
1,1292010420000,42,2,0,2
3,1361565360000,26,17,1,2
2,1319217300000,38,28,0,2
3,1374263700000,23,42,1,1
4,1399668263000,42,5,3,1
5,1413576009000,12,27,2,2
5,1418416871000,42,2,2,4
5,1413579240000,41,37,5,0
1,1295646660000,26,40,1,0
1,1287161280000,42,2,1,0
4,1389396615000,42,2,1,2
1,1311970860000,2,42,0,2
3,1363992120000,42,2,0,0
4,1411160561000,41,37,1,1
1,1290194400000,42,2,1,3
4,1409410040000,42,2,1,2
3,1379109600000,42,12,0,1
1,1299328680000,41,1,3,1
4,1398458113000,42,8,0,1
2,1327084200000,41,43,2,0
1,1427487782000,36,6,0,3
5,1425669637000,31,16,0,1
1,1299405900000,41,1,0,1
4,1385760021000,42,2,2,1
3,1379713500000,15,23,1,0
4,1408737204000,38,28,1,2
5,1423249209000,34,28,0,1
1,1299327780000,41,1,4,1
1,1303495860000,17,38,1,2
4,1390604608000,41,1,3,2
3,1360350660000,17,21,1,1
3,1377285300000,42,2,1,0
2,1331927100000,2,38,4,0
3,1367349180000,42,2,1,3
3,1356727680000,2,39,2,3
2,1340481060000,42,2,3,1
2,1319220000000,15,23,1,1
4,1380310212000,42,2,0,4
1,1312574640000,42,2,3,0
3,1358029620000,41,18,0,0
6,1449868726000,34,17,3,1
2,1329502500000,41,43,4,0
2,1325878200000,22,13,1,1
3,1379715300000,38,2,1,4
1,1289575020000,42,12,0,2
1,1307636640000,42,2,2,1
5,1420234801000,42,2,1,2
4,1404499142000,42,2,2,2
4,1387572966000,42,2,1,1
5,1436558717000,28,34,3,4
5,1440791372000,42,20,2,0
5,1417806451000,42,2,2,1
4,1408739288000,42,23,2,1
3,1368823560000,28,38,2,2
3,1359749220000,17,24,2,1
1,1307733240000,28,15,1,0
1,1308941640000,13,22,1,1
1,1298679600000,41,1,2,0
2,1340477280000,19,16,2,1
2,1316195100000,42,2,2,1
1,1298673900000,42,2,1,2
4,1387568678000,42,2,1,0
1,1297452360000,35,5,0,2
2,1340997060000,34,2,2,6
1,1295647920000,23,42,1,2
5,1415385798000,34,2,3,4
3,1358020320000,41,43,2,1
4,1403897751000,17,38,2,1
1,1288984740000,42,2,0,4
5,1414172728000,42,2,3,2
5,1420235856000,42,2,0,2
6,1457731528000,36,38,1,2
4,1382126164000,28,15,0,2
3,1362260820000,15,28,0,2
4,1387574175000,42,2,1,3
3,1375555380000,17,24,2,2
4,1393011645000,42,2,2,2
1,1298676900000,42,2,0,1
3,1367012160000,41,37,6,0
4,1390597534000,41,1,1,3
4,1411159752000,41,37,6,2
6,1443812280000,42,23,0,2
5,1416598731000,5,35,0,3
3,1367271480000,26,36,4,0
1,1302950460000,42,2,0,1
5,1417811266000,42,2,2,0
3,1376767020000,42,2,3,1
2,1334948160000,9,27,1,1
1,1299326160000,41,1,3,2
1,1303505040000,28,12,2,0
1,1297885440000,12,26,1,0
3,1359753480000,38,7,1,1
4,1388789388000,23,16,0,2
3,1371928380000,28,34,0,0
1,1306581720000,41,1,2,1
1,1299332520000,41,1,0,2
2,1327689000000,40,2,0,3
1,1289574840000,42,12,2,0
1,1287161460000,42,2,0,2
3,1360958880000,32,7,3,2
4,1395517288000,26,17,2,0
4,1400875478000,36,24,1,1
3,1360960860000,26,14,3,0
1,1315597140000,42,2,0,1
2,1340992380000,15,19,1,0
4,1396032048000,41,1,2,1
2,1341001980000,2,35,1,0
1,1297462560000,15,23,2,0
3,1376764320000,17,26,1,2
3,1365880200000,38,17,1,1
4,1411152252000,26,40,3,1
5,1437759550000,16,20,3,1
2,1332537300000,42,2,1,2
4,1383949521000,23,16,0,0
6,1443816579000,40,26,0,0
2,1346443260000,34,17,0,2
4,1385755419000,42,2,0,1
5,1418420913000,42,2,1,2
1,1296932640000,42,2,2,3
3,1370636880000,38,7,0,2
1,1303491060000,41,1,1,2
2,1318616100000,42,2,1,1
5,1434749868000,8,27,4,2
1,1299495600000,41,1,2,0
3,1376166900000,28,15,1,3
3,1360349640000,19,16,1,1
1,1308948900000,39,4,4,1
3,1366396620000,38,28,1,2
4,1403896678000,40,15,0,2
2,1334345460000,17,21,1,4
2,1340474280000,42,4,1,3
1,1305911400000,41,1,0,2
4,1393014659000,42,2,2,0
4,1409414734000,42,2,0,0
3,1367000280000,17,24,0,0
4,1393018752000,42,2,1,2
1,1288984620000,42,2,2,3
2,1316804400000,42,2,2,2
3,1372529640000,26,17,1,0
3,1374264840000,40,26,1,4
5,1418414933000,42,2,0,2
2,1343418300000,32,7,0,2
2,1328897700000,42,2,0,4
2,1333743900000,23,16,2,3
2,1338050640000,42,2,2,1
5,1434739343000,34,2,1,1
1,1399064473000,42,12,2,0
1,1286015580000,41,1,2,4
1,1313177520000,42,12,0,0
4,1399662996000,12,27,1,1
6,1443209725000,38,28,0,3
4,1388171805000,40,4,0,1
4,1394836486000,41,37,2,0
1,1294439160000,15,28,0,2
5,1436554293000,34,28,3,2
5,1431116658000,34,17,1,1
3,1361569440000,2,42,0,1
1,1303500900000,42,2,1,1
1,1290195000000,42,2,1,3
3,1364595600000,15,25,2,1
1,1302964620000,38,2,3,2
1,1300480200000,42,2,4,2
4,1391205219000,15,25,2,0
3,1366998240000,42,2,1,1
1,1290194460000,42,2,3,0
4,1390602042000,41,1,2,3
3,1366400760000,15,25,1,1
5,1423867132000,42,2,1,3
2,1325880000000,22,13,0,2
4,1387566873000,41,1,2,2
5,1416605670000,11,24,0,0
1,1311364020000,34,2,0,2
3,1359752460000,40,6,0,2
4,1408734969000,40,26,2,1
1,1287161940000,42,2,0,4
4,1394226030000,42,2,0,1
3,1370630340000,40,6,0,0
2,1336766820000,42,2,2,2
1,1288984200000,42,2,0,1
4,1400880350000,38,22,0,3
4,1409420665000,2,42,1,1
1,1286117940000,42,2,1,4
4,1391207577000,26,14,1,0
1,1292010900000,42,2,3,2
5,1426271884000,34,2,3,1
4,1382124164000,42,2,0,2
1,1296920580000,19,17,0,2
1,1302290220000,42,2,0,1
1,1306581840000,41,1,2,2
1,1315593720000,42,2,2,1
1,1292010660000,42,2,0,1
3,1360352520000,2,35,2,3
5,1416150935000,15,22,5,1
6,1449864331000,15,36,1,2
4,1398461341000,42,30,2,1
5,1432315800000,42,2,0,1
2,1317403800000,38,2,1,3
1,1416599950000,5,35,1,0
1,1313176260000,13,22,1,1
1,1296334980000,43,15,0,0
4,1399665957000,2,39,0,2
1,1311360060000,36,2,0,0
5,1429902639000,2,39,2,2
5,1432323900000,42,2,0,2
4,1382732920000,42,2,0,1
1,1286015640000,41,1,1,0
3,1362176460000,42,23,2,2
2,1344622800000,12,35,5,1
5,1432320300000,42,2,1,1
1,1290194640000,42,2,0,3
4,1393620995000,42,2,1,0
1,1296340680000,1,41,4,1
1,1301677920000,41,1,2,0
1,1416154942000,2,35,0,0
5,1423255893000,42,19,5,4
2,1332534600000,42,2,0,2
4,1397848992000,35,5,2,0
1,1307732460000,42,2,1,0
5,1427485610000,15,19,2,1
2,1341003120000,17,21,1,1
5,1414791189000,41,1,1,2
2,1324667700000,40,34,3,2
1,1290194700000,42,2,0,6
5,1414179675000,12,27,2,1
4,1383341614000,15,28,3,2
4,1410036352000,42,2,2,0
1,1314994800000,42,2,3,2
2,1335043680000,43,30,1,0
4,1392412873000,42,2,0,0
1,1302962880000,26,12,0,0
5,1425676820000,17,32,2,1
1,1294441260000,15,28,2,1
5,1416603334000,16,20,3,1
1,1297455540000,27,9,3,1
4,1390599291000,41,1,1,4
4,1391197954000,15,23,0,2
2,1324670400000,26,31,1,2
3,1358028780000,42,2,0,2
4,1390598360000,41,1,0,2
3,1360954500000,41,30,3,0
6,1447453540000,36,26,0,0
3,1361566500000,15,28,3,0
4,1397851137000,39,4,2,1
1,1303495260000,40,15,1,2
3,1368814380000,38,28,1,1
2,1332530100000,42,2,2,2
4,1382734780000,42,2,0,0
4,1391206115000,28,13,1,0
1,1302351000000,41,17,2,0
1,1302956520000,42,2,3,1
1,1304186220000,26,12,3,0
2,1345227120000,15,25,3,1
1,1307637480000,42,2,1,1
4,1396034112000,34,2,1,0
4,1411158629000,26,40,3,1
5,1419019016000,15,40,1,1
5,1429910875000,40,6,1,2
3,1359754500000,12,27,0,2
1,1298153280000,41,1,1,0
1,1298664720000,41,1,2,1
4,1389384487000,2,35,5,0
1,1299414120000,41,1,0,1
1,1296249900000,42,2,0,4
1,1292010300000,42,2,1,5
1,1301088180000,38,2,0,1
3,1366404660000,42,5,1,0
4,1380308426000,42,2,2,2
1,1416596251000,36,6,0,2
1,1292010240000,42,2,2,3
3,1366397700000,26,40,5,2
5,1428086424000,17,24,1,1
1,1301683440000,41,17,4,2
1,1314383880000,15,36,1,0
3,1379106900000,42,12,1,4
3,1358027940000,42,2,0,0
3,1360963980000,38,7,1,1
1,1288371720000,42,2,1,3
1,1292010540000,42,2,0,2
5,1417810248000,42,2,1,0
3,1364595420000,40,6,0,0
3,1362258600000,42,2,1,1
5,1440796569000,28,38,2,1
5,1419014848000,38,17,4,1
1,1298155140000,41,1,1,0
4,1392418984000,42,2,1,1
3,1361570280000,17,26,1,2
3,1370639100000,15,25,3,2
4,1408741412000,40,26,0,1
4,1381530555000,35,5,2,1
4,1399063515000,38,17,1,2
2,1335802260000,42,2,3,2
1,1286117160000,42,2,1,0
5,1437759249000,42,19,4,1
5,1434741684000,36,6,2,1
1,1292010780000,42,2,2,1
4,1403894840000,38,17,0,1
2,1347654120000,42,2,2,2
1,1307296920000,41,1,1,0
2,1321647300000,42,2,3,2
2,1335806580000,26,40,4,1
3,1376156160000,42,2,1,2
4,1393617836000,42,2,1,1
4,1382133088000,42,2,0,0
1,1302949620000,42,2,1,1
1,1302356040000,41,17,2,0
2,1344625980000,35,5,1,0
5,1414184293000,40,6,3,4
3,1379717100000,26,12,2,2
2,1321641900000,42,2,2,0
1,1307736120000,15,28,1,1
5,1434739379000,26,8,4,1
3,1379716200000,15,23,3,2
3,1358024400000,26,17,1,2
2,1343412780000,35,5,1,0
4,1398450601000,15,36,4,1
2,1331926200000,2,31,2,0
1,1298140440000,8,26,0,1
1,1305916560000,41,1,1,0
1,1286728620000,42,2,1,3
2,1347651120000,42,2,1,5
1,1295046840000,12,26,0,0
2,1319220900000,17,23,1,0
3,1367009340000,38,2,2,2
2,1316801700000,42,2,0,0
6,1447444464000,28,34,0,4
3,1359145800000,41,36,3,0
1,1313171640000,34,17,0,0
2,1335806400000,26,12,2,0
1,1302348300000,41,17,0,1
3,1363978680000,42,2,2,3
2,1336248240000,42,2,2,1
1,1303492680000,38,1,2,4
3,1363987500000,15,28,2,1
1,1306582140000,15,43,3,0
1,1296929880000,2,42,0,1
5,1427494369000,42,2,1,2
1,1311357300000,26,8,1,0
5,1436555614000,26,36,3,0
1,1286015700000,41,1,1,1
1,1307730780000,42,2,0,5
2,1323463500000,42,2,2,2
3,1362175200000,38,28,1,1
1,1311972780000,2,42,2,1
3,1372442880000,42,2,1,0
4,1389389590000,17,21,2,0
6,1448046105000,15,28,1,0
1,1296922680000,26,17,2,1
4,1385765804000,42,2,1,0
2,1347650340000,42,2,1,1
6,1448660501000,36,26,0,0
4,1393625624000,42,2,1,3
4,1391812091000,42,2,1,6
3,1377289620000,42,2,0,3
1,1295038200000,13,22,0,3
4,1395521377000,42,2,2,1
4,1411153302000,23,42,2,1
4,1403904266000,41,37,4,1
4,1380313155000,42,2,0,1
4,1382122099000,42,2,1,1
5,1423866146000,42,2,0,3
3,1367353440000,2,42,1,2
1,1298681220000,41,1,1,1
2,1323461700000,42,2,1,3
1,1288371840000,42,2,0,0
1,1297884540000,23,15,2,2
1,1305915540000,41,1,0,1
4,1395525637000,42,2,3,1
3,1379102400000,15,40,1,1
2,1334956380000,35,5,0,0
2,1346436840000,34,17,2,1
4,1392417714000,42,2,2,2
6,1448659534000,19,42,1,4
6,1457726364000,42,31,1,0
4,1399062430000,15,40,3,2
1,1298675760000,42,2,2,0
4,1411161452000,41,37,5,0
2,1340475180000,15,22,0,1
3,1368820380000,38,28,0,1
2,1343414880000,39,4,1,0
1,1311435300000,15,28,1,2
1,1301076240000,41,1,2,2
5,1440789028000,19,39,2,3
3,1371838620000,12,27,1,2
2,1345230180000,23,16,1,4
2,1330712100000,41,43,2,1
5,1440790328000,34,25,3,2
6,1446838468000,15,28,2,2
2,1347649140000,17,26,1,2
2,1316799000000,42,2,2,3
1,1301688360000,42,1,0,3
2,1328903100000,42,2,2,2
6,1447444419000,19,42,0,0
2,1321646400000,42,2,0,2
2,1336761780000,42,2,0,1
2,1340998860000,19,16,0,2
1,1297463400000,38,2,0,1
4,1385764664000,42,2,2,3
1,1290194880000,42,2,0,0
5,1432318500000,42,2,2,1
1,1293825360000,42,2,2,2
1,1288984920000,42,2,1,4
3,1379105100000,15,40,2,0
1,1297886400000,26,12,1,1
1,1311962640000,42,2,0,3
1,1302948600000,42,2,1,1
4,1397850005000,24,11,1,4
1,1301422560000,42,2,2,1
4,1399661981000,15,25,3,0
1,1305488460000,42,2,1,1
4,1385757253000,42,2,0,0
3,1371929280000,36,26,0,1
1,1298663820000,41,1,0,0
6,1444500961000,42,2,2,0
4,1393616687000,42,2,1,1
4,1388791224000,41,37,2,0
3,1367343300000,42,2,2,2
1,1416155977000,34,7,2,1
2,1324666800000,23,34,0,2
2,1345236300000,26,14,7,0
1,1304715540000,41,30,4,0
1,1311429780000,42,2,2,2
4,1430159873000,41,30,1,0
1,1298670960000,42,2,1,2
3,1359142980000,41,36,3,2
1,1315596240000,42,2,1,0
5,1416597516000,2,35,2,3
6,1446239937000,38,17,0,3
2,1333823160000,1,26,0,0
3,1377280800000,15,28,2,1
2,1318621500000,42,2,3,1
4,1390001113000,41,1,0,0
5,1420236806000,42,2,3,1
5,1416152800000,26,11,2,1
6,1448652988000,19,42,0,4
1,1305920100000,41,1,1,5
4,1394225181000,42,2,1,1
1,1312571820000,42,2,0,2
1,1303493820000,42,12,2,1
4,1400879196000,40,21,0,0
4,1409423514000,42,2,2,0
3,1379708100000,41,1,2,0
4,1410035144000,42,2,2,1
2,1331924400000,12,34,0,2
1,1301077080000,41,1,0,2
5,1419022922000,15,40,0,2
3,1371842520000,42,5,4,0
1,1302955680000,42,2,0,4
6,1447449761000,42,19,1,0
1,1419017801000,17,38,0,0
1,1296236340000,41,30,2,0
4,1408133299000,42,19,2,1
5,1414171740000,42,2,1,0
2,1335803700000,42,12,2,1
3,1366406640000,28,13,2,2
1,1298668080000,42,2,2,3
2,1321645500000,42,2,2,1
1,1302963720000,15,23,0,2
3,1367264520000,40,6,0,5
3,1368818460000,23,42,0,2
1,1302293220000,42,2,2,0
2,1341601260000,40,21,0,3
4,1382130227000,42,2,0,2
5,1437767783000,38,28,1,0
5,1419021918000,38,17,0,2
3,1368821340000,42,23,1,1
2,1333826580000,18,15,1,1
1,1297464360000,26,12,4,1
1,1295640540000,28,38,5,0
1,1302958620000,42,2,5,5
1,1302355140000,1,42,1,2
2,1332527400000,42,2,0,0
3,1348857120000,34,7,2,1
2,1336250160000,42,2,0,0
5,1418413847000,42,2,1,1
2,1344623880000,8,39,0,3
6,1446849798000,34,28,4,0
4,1395522282000,15,28,2,0
2,1336759440000,42,2,2,1
3,1377287400000,42,2,1,4
4,1389988812000,17,21,2,0
2,1321644600000,42,2,0,2
4,1382724934000,42,2,0,1
4,1391209590000,2,39,2,0
5,1413576954000,38,7,3,2
2,1334347740000,19,16,0,3
3,1360345200000,41,1,1,1
4,1399067001000,41,40,2,1
5,1432316700000,42,2,0,0
5,1425672548000,8,39,1,0
3,1379111400000,42,12,1,2
2,1320434100000,35,5,1,1
4,1410029525000,17,26,2,2
1,1297454340000,39,4,5,0
5,1428095609000,2,42,0,3
1,1288372140000,42,2,0,2
2,1317406500000,15,23,1,0
4,1389997257000,17,23,4,1
2,1333747140000,42,23,4,0
1,1311971880000,2,42,2,1
1,1311428940000,42,2,0,2
5,1429907338000,38,7,1,1
3,1360361820000,41,36,2,0
4,1382128331000,26,17,1,1
3,1359745380000,42,5,0,0
1,1296341460000,1,41,1,0
3,1367270520000,34,28,3,0
4,1389385634000,8,27,2,1
1,1296338040000,1,42,1,1
1,1287161520000,42,2,0,0
1,1311427140000,42,2,2,1
4,1399056876000,1,42,2,0
3,1379103300000,38,17,2,2
1,1307726880000,41,1,1,1
5,1423253291000,28,34,0,0
1,1311360180000,34,2,1,4
2,1317404700000,15,28,2,1
1,1304105820000,17,34,2,1
3,1364595720000,28,13,1,1
4,1398451713000,42,8,0,1
2,1316193300000,42,2,1,0
6,1443819899000,26,40,5,0
1,1288371780000,42,2,2,0
5,1414177317000,28,13,1,2
1,1313172420000,13,22,0,2
3,1368825960000,41,40,7,0
5,1416601317000,5,35,3,4
1,1304714520000,36,15,0,2
4,1388180103000,21,14,2,1
4,1391813030000,42,2,1,2
5,1423865164000,42,2,2,0
1,1289574900000,42,2,1,0
3,1358021520000,42,2,2,2
1,1297448520000,37,30,0,1
3,1376163180000,26,17,4,2
1,1305913140000,41,1,1,2
4,1382129272000,42,2,0,4
3,1360348680000,41,1,1,0
6,1447444288000,36,26,0,0
3,1365882240000,42,12,2,0
4,1391203232000,12,27,3,0
1,1294440540000,38,28,1,2
1,1297880520000,38,2,1,0
2,1334957520000,34,40,3,1
1,1303498800000,15,40,1,1
2,1325880900000,39,4,0,2
4,1430156942000,19,42,2,2
2,1338054120000,15,40,1,0
1,1310842920000,38,2,0,7
1,1287161820000,42,2,0,2
5,1420229872000,42,2,1,4
3,1366999380000,28,13,1,1
1,1307295960000,41,1,0,0
4,1391813984000,42,2,1,3
4,1430135506000,28,34,0,0
6,1446235796000,42,12,2,0
4,1382120319000,42,2,2,3
4,1391204274000,38,7,0,0
6,1448051234000,19,17,0,0
2,1330713000000,41,43,3,1
4,1392405081000,42,2,3,1
1,1297457940000,7,32,6,1
3,1356730860000,38,7,1,2
1,1289566320000,41,1,1,0
2,1327691700000,23,15,0,2
3,1367267820000,27,9,2,1
4,1398456854000,34,17,2,2
4,1390600080000,41,1,0,0
5,1419023850000,42,12,1,0
3,1358020380000,41,1,1,1
3,1376766240000,42,2,0,1
4,1395523267000,42,2,0,2
5,1429903832000,12,27,0,5
3,1361567460000,42,2,1,2
1,1294522320000,42,2,2,2
4,1393011700000,42,2,2,1
1,1312571880000,42,2,1,1
3,1362769440000,42,2,1,1
1,1303491840000,41,1,3,1
1,1295643540000,40,26,0,1
1,1298807640000,42,2,1,1
2,1330718400000,43,15,1,3
5,1440795396000,42,23,3,2
3,1360357320000,26,11,1,1
2,1332531000000,42,2,0,1
2,1344631740000,27,9,1,0
1,1307731620000,42,2,1,2
4,1394826987000,41,17,4,0
2,1334342100000,28,10,1,0
1,1303504140000,38,28,1,2
2,1317402000000,42,2,1,1
5,1418411882000,42,2,1,3
5,1417805502000,42,2,2,1
5,1432323000000,42,2,1,3
1,1286118060000,42,2,0,3
1,1295641560000,23,42,1,5
6,1446845960000,34,2,0,0
1,1294434360000,28,12,0,0
2,1333736340000,17,24,2,2
